Source,,,Capital IQ Pro,,,,,,,,,,,Economic Policy Uncertainty Index,Economic Policy Uncertainty Index,,,Kenneth R. French - Data Library (dartmouth.edu),Kenneth R. French - Data Library (dartmouth.edu),Kenneth R. French - Data Library (dartmouth.edu),Kenneth R. French - Data Library (dartmouth.edu),Kenneth R. French - Data Library (dartmouth.edu),faculty.chicagobooth.edu/-/media/faculty/lubos-pastor/data/liq_data_1962_2022.txt,https://data.bls.gov/pdq/SurveyOutputServlet,https://data.bls.gov/pdq/SurveyOutputServlet,https://fred.stlouisfed.org/series/CPIAUCSL#0,https://fred.stlouisfed.org/series/CPIAUCSL#0,https://www.federalreserve.gov/datadownload/Download.aspx?rel=H10&series=d896a0d00241604bbbfab3d292c873c8&filetype=csv&label=include&layout=seriescolumn&from=12/01/2009&to=12/31/2021,
date,Year,Month,S&P 500 Energy (Sector) Price Return-Index Value (monthly),S&P 500 Materials (Sector) Price Return-Index Value (monthly),S&P 500 Industrials (Sector) Price Return-Index Value (monthly),S&P 500 Consumer Discretionary (Sector) Price Return-Index Value (monthly),S&P 500 Consumer Staples (Sector) Price Return-Index Value (monthly),S&P 500 Health Care (Sector) Price Return-Index Value (monthly),S&P 500 Financials Price Return-Index Value (monthly),S&P 500 Information Technology (Sector) Price Return-Index Value (monthly),S&P 500 Communication Services (Sector) Price Return-Index Value (monthly),S&P 500 Utilities (Sector) Price Return-Index Value (monthly),S&P 500 Real Estate Price Return-Index Value (monthly),cpu_index,old_cpu_index,Three_Component_Index,News_Based_Policy_Uncert_Index,Mkt-RF,SMB,HML,RF,Mom,Innov Liq (eq8),CPI (not seasonnally adjusted),%CPI (not seasonnally adjusted),Seasonnally adjusted CPI,%Seasonnally adjusted CPI,Nominal Broad Dollar Index,%Nominal Broad Dollar Index
déc.-09,2009,12,"428,7096566","198,1750358","244,8581902","233,2713388","276,9636266","362,642313","193,61101","362,0489513","113,9616812","158,1262066",0,"108,599606","240,6",121,108,"2,75","6,04","-0,17","0,01","3,01","-0,00078306","215,949","-0,001761198169","217,347","0,0005201763996","92,2586",0
janv.-10,2010,1,"437,7197399","200,6131566","250,2782878","235,1073108","275,1397573","370,235349","199,0838372","365,6808376","109,0770476","155,6421281",0,"110,484442","182,71",149,137,"-3,36","0,4","0,43",0,"-5,4","0,11378268","216,687","0,00341747357","217,488","0,0006487322116","92,4403","0,001969464093"
févr.-10,2010,2,"418,3278378","188,7222545","245,458766","233,4896775","275,1201028","362,2013911","191,5832822","348,4321841","103,4149139","148,1813577",0,"62,89395715","104,32",133,117,"3,4","1,19","3,23",0,"3,74","0,03157493","216,741","0,0002492073821","217,281","-0,0009517766497","93,8867","0,01564685532"
mars-10,2010,3,"429,5278035","201,4125515","265,4305153","253,6874693","285,2496874","371,4093906","209,2664914","370,7960391","106,5606279","150,968457",0,"78,89089656","75,35",137,125,"6,31","1,48","2,21","0,01","3,76","0,03053079","217,631","0,004106283537","217,353","0,0003313681362","93,1499","-0,007847756924"
avr.-10,2010,4,"449,2922413","209,0483017","282,0016861","271,859796","287,4356422","366,9316786","222,19457","388,0805529","108,0480014","153,4781035",0,"106,3566412","119,41",137,124,2,"4,87","2,89","0,01","3,16","-0,05484737","218,009","0,001736884911","217,403","0,0002300405331","92,6391","-0,005483634443"
mai-10,2010,5,"415,061258","190,1932224","267,1374601","259,4800592","277,7749762","344,464945","205,0337433","362,001354","104,3599966","148,7598796",0,"160,3571125","87,88",151,148,"-7,89","0,09","-2,44","0,01","-0,25","-0,01802842","218,178","0,0007751973542","217,29","-0,0005197720363","95,5306","0,03121252257"
juin-10,2010,6,"397,2331936","182,0861511","251,4706725","248,96955","270,7573679","335,6435648","194,3268521","351,0992586","104,7631975","146,7694964",0,"133,244876","87,43",141,130,"-5,57","-1,82","-4,7","0,01","-2,76","0,01636845","217,965","-0,0009762670847","217,199","-0,0004187951585","96,0606","0,005547960549"
juil.-10,2010,7,"393,9051952","184,8988077","250,7772776","241,3130327","274,3518533","332,4495332","193,5556181","349,6214153","106,0622969","152,0082516",0,"101,4714332","121,03",180,197,"6,93","0,22","-0,33","0,01","1,88","0,00060572","218,011","0,0002110430574","217,605","0,001869253542","94,4547","-0,01671757203"
août-10,2010,8,"401,0766926","191,6702718","256,2877146","245,293964","277,2180565","335,7908074","190,4675775","344,6814625","112,4286139","155,6677369",0,"117,5594535","83,01",147,127,"-4,77","-2,98","-1,93","0,01","-0,06","0,02650621","218,312","0,001380664278","217,923","0,00146136348","93,6822","-0,008178523673"
sept.-10,2010,9,"408,1269589","200,692081","265,1457637","257,5497444","285,226797","346,543662","195,0789296","356,1689717","118,5831423","158,7401425",0,"130,1349564","116,33",182,187,"9,54","3,97","-3,18","0,01","1,41","0,08245388","218,439","0,0005817362307","218,275","0,001615249423","92,7626","-0,009816165718"
oct.-10,2010,10,"438,1948931","211,658475","277,8197588","271,9572714","293,7456155","359,2977362","196,6258678","380,87361","121,5757942","161,4653997",0,"111,2400513","96,35",163,155,"3,88","1,19","-2,51","0,01","1,58","-0,05002035","218,711","0,001245198888","219,035","0,003481846295","90,2291","-0,02731165362"
nov.-10,2010,11,"463,9461047","218,9778735","281,3156972","284,1740157","296,723062","358,6270908","199,7097795","394,1254062","122,088851","158,5841957",0,"136,9150292","143,09",179,175,"0,6","3,74","-0,92","0,01","2,66","-0,00469011","218,803","0,0004206464238","219,59","0,002533841623","90,5095","0,003107644873"
déc.-10,2010,12,"493,6787986","232,7978211","296,885245","295,0018135","301,4620352","362,7629613","209,6973667","402,8330034","125,8689025","157,9905283",0,"101,3182573","49,48",165,152,"6,82","0,69","3,76","0,01","-3,03","0,08693057","219,179","0,001718440789","220,472","0,004016576347","91,1835","0,007446732111"
janv.-11,2011,1,"521,2126432","238,9019732","309,0873511","298,2882008","302,698136","371,0610321","220,7318935","419,29557","126,3557099","161,2912831",0,"127,3389565","90,7",142,111,"1,99","-2,45","0,75","0,01","-0,29","-0,03492196","220,223","0,004763230054","221,187","0,0032430422","90,1112","-0,01175980303"
févr.-11,2011,2,"561,4766682","246,4586256","322,3746143","307,2851282","303,487355","373,8934727","226,8186236","432,5654184","126,0786367","161,5256907",0,"98,93989728","64,26",146,105,"3,49","1,53","1,27","0,01","1,99","-0,01680015","221,309","0,004931365025","221,898","0,00321447463","89,3967","-0,007929092055"
mars-11,2011,3,"571,0847944","239,9224531","317,0447583","304,5946366","304,3907555","376,4510075","220,4751101","415,520213","126,2888155","160,622732",0,"158,3348152","106,51",174,154,"0,46","2,56","-1,85","0,01","3,4","-0,01573698","223,467","0,009751072031","223,046","0,005173548207","88,4872","-0,01017375362"
avr.-11,2011,4,"582,4451516","249,4691265","325,7367715","312,1887256","316,4704888","392,3835089","219,4717918","418,1720878","132,2331579","163,2116464",0,"156,5996617","87,35",157,125,"2,9","-0,33","-2,49",0,"0,04","0,02015531","224,906","0,006439429535","224,093","0,004694098975","86,9214","-0,01769521468"
mai-11,2011,5,"558,8294029","243,5349303","325,4861702","318,264727","328,538853","413,82647","213,9405014","420,9668441","134,9131668","170,4637047",0,"91,33076941","84,4",126,85,"-1,27","-0,67",-2,0,"-0,62","0,02181424","225,964","0,004704187527","224,806","0,003181714735","86,9464","0,0002876161682"
juin-11,2011,6,"543,9455142","235,6527092","310,329855","305,4738826","320,7021481","405,723707","201,6900198","399,6340958","131,213718","167,552008",0,"59,11603107","90,63",158,139,"-1,75","-0,15","-0,39",0,"1,78","0,0256542","225,722","-0,001070967057","224,806",0,"86,9412","-0,00005980696153"
juil.-11,2011,7,"571,2425513","246,8659396","317,1438959","320,9211728","324,1095392","407,9723934","203,5883984","421,4210238","131,4515045","170,5533982",0,"91,92938524","67,43",198,207,"-2,35","-1,27","-0,9",0,"0,18","0,01472351","225,922","0,0008860456668","225,395","0,002620036832","86,3178","-0,007170363418"
août-11,2011,8,"498,5857644","214,2009379","269,4227663","285,2263382","308,9458407","368,9695805","175,2253215","385,2030659","121,9867827","164,1928759",0,"110,5044995","31,82",245,284,"-5,99","-3,05","-2,36","0,01","-0,28","-0,04878878","226,545","0,002757588902","226,106","0,003154462166","86,8983","0,006725148231"
sept.-11,2011,9,"476,3364399","205,7856454","264,2903932","287,2888759","312,2552965","374,5511873","166,3231803","388,6806995","121,6445504","169,7842951",0,"146,1423927","214,23",205,214,"-7,59","-3,31","-1,72",0,"-2,42","0,02980193","226,889","0,001518462116","226,597","0,002171547858","89,7253","0,03253228199"
oct.-11,2011,10,"491,4902675","205,9017913","273,9543356","299,1876524","315,6967492","377,5911101","170,7608705","407,8269459","122,8758694","172,5872523",0,"119,1632996","74,09",160,138,"11,35","3,28","0,1",0,"-1,43","0,02473393","226,421","-0,002062682633","226,75","0,000675207527","90,6098","0,009857866176"
nov.-11,2011,11,"512,9879802","212,5799031","282,6456102","301,9296251","318,9501393","382,2246576","170,9785347","411,7068988","123,1486518","174,8157474",0,"99,35573803","109,32",166,144,"-0,28","-0,16","-0,45",0,"3,84","-0,02710653","226,230","-0,0008435613304","227,169","0,001847850055","91,2649","0,007229902284"
déc.-11,2011,12,"514,5498969","210,8925396","288,6752949","306,2167542","329,603391","392,5604701","173,138381","411,4517123","126,1016259","178,2059981",0,"116,1878298","76,31",189,183,"0,74","-0,59","1,63",0,"1,81","0,05188274","225,672","-0,002466516377","227,223","0,0002377084902","92,2056","0,01030735803"
janv.-12,2012,1,"533,3492373","228,5289063","308,6167146","321,9697574","332,8590926","411,6219598","186,6148145","428,8379406","127,2954131","177,5139759",0,"80,74488538","68,8",178,154,"5,05","2,03","-0,97",0,"-7,91","0,05199569","226,665","0,004400191428","227,842","0,002724196054","91,6463","-0,006065792099"
févr.-12,2012,2,"551,7553188","236,5796467","320,3089026","336,2985056","336,9121661","417,2817908","197,1625675","461,6283544","127,5977252","176,7148757",0,"112,6796531","56,86",150,119,"4,42","-1,85","0,43",0,"-0,29","0,00793663","227,663","0,004402973551","228,329","0,002137446125","89,9605","-0,01839463241"
mars-12,2012,3,"548,4714691","233,4417022","321,5327161","350,0722637","345,5529174","424,4547603","207,1388584","486,1753915","131,9251287","176,964756",0,"63,93076739","31,45",138,99,"3,11","-0,65","1,14",0,"1,3","-0,0093298","229,392","0,007594558624","228,807","0,002093470387","90,5112","0,00612157558"
avr.-12,2012,4,"524,0706807","230,5791634","317,6438121","353,7034285","350,1152819","430,4266532","206,9975581","488,7826482","130,2886816","177,431503",0,"73,02971107","32,64",137,97,"-0,85","-0,41","-0,78",0,"3,75","-0,01516947","230,085","0,003021029504","229,187","0,00166078835","90,8156","0,003363119702"
mai-12,2012,5,"499,4662595","218,3693368","306,5627904","346,696269","349,4768636","424,6582066","195,1922132","461,1927715","137,2085066","180,4826351",0,"117,7498969","24,11",159,136,"-6,19","0,07","-1,06","0,01","6,49","-0,00786395","229,815","-0,001173479366","228,713","-0,002068180132","92,4928","0,01846819269"
juin-12,2012,6,"483,6557966","216,5560635","299,7835593","340,1339307","350,2521776","426,1271724","189,8103021","451,8550165","143,1666579","185,2618919",0,"111,2162288","74,17",195,197,"3,89","0,67","0,62",0,"-1,06","-0,00404866","229,478","-0,001466396884","228,524","-0,0008263631713","93,8809","0,01500765465"
juil.-12,2012,7,"510,2710976","220,3069006","305,4391275","344,5843431","362,60297","441,2738012","195,7654244","458,0028808","148,7001784","189,58645",0,"108,9114695","59,02",185,181,"0,79","-2,77","-0,02",0,"3,04","0,09910465","229,104","-0,001629785862","228,59","0,0002888099281","93,4062","-0,005056406575"
août-12,2012,8,"535,7925349","225,2546733","316,4680536","354,773871","367,6074392","446,1838465","201,6574076","484,0122079","152,8999368","187,6395986",0,"119,2321322","83,16",152,143,"2,55","0,48","1,3","0,01","-2,37","-0,02254862","230,379","0,005565158181","229,918","0,005809527976","92,5283","-0,009398733703"
sept.-12,2012,9,"551,8983543","233,7481077","320,6971454","370,7664663","369,3102875","460,1108703","211,6479276","499,0156482","156,4209915","183,8241917",0,"91,57525933","91,43",175,182,"2,73","0,51","1,6","0,01","-1,14","0,03478693","231,407","0,004462212268","231,015","0,004771266278","90,9802","-0,0167310974"
oct.-12,2012,10,"549,1236496","232,4688228","320,1938412","369,2159529","370,367042","471,1357293","214,9718841","479,7394001","153,278614","186,6690932",0,"83,92417188","87,26",166,166,"-1,76","-1,16","3,59","0,01","0,14","-0,0439401","231,317","-0,0003889251406","231,638","0,00269679458","90,7566","-0,002457677605"
nov.-12,2012,11,"526,876164","226,5897312","316,7497027","366,1153394","361,1563135","458,015269","210,3889624","455,5883374","145,8946122","176,0784528",0,"146,0921831","126,47",187,206,"0,78","0,64","-0,84","0,01","0,49","-0,05294945","230,221","-0,004738086695","231,249","-0,001679344494","91,4751","0,007916779606"
déc.-12,2012,12,"533,6232555","231,2875979","326,0192349","373,4403648","366,6977294","467,0875113","217,4156697","462,021872","147,0315606","178,401876",0,"92,05358948","64,37",193,215,"1,18","1,5","3,51","0,01","-2,86","0,02961287","229,601","-0,00269306449","231,221","-0,0001210816047","90,8804","-0,006501222737"
janv.-13,2013,1,"558,6225055","246,9776707","343,0317369","392,2786162","374,4466702","485,9592847","231,5811435","472,3312798","147,7304513","181,8074933",0,"103,7850054","118,53",158,199,"5,57","0,33","0,96",0,"-1,79","0,02749092","230,280","0,002957304193","231,679","0,001980788942","90,8255","-0,000604090651"
févr.-13,2013,2,"574,6326364","245,0154966","352,398878","399,6227528","388,5491617","500,540106","237,2985984","473,8032997","151,1924194","186,6818819",0,"66,40136197","25,14",115,129,"1,29","-0,28","0,11",0,"1,29","-0,01718445","232,166","0,008190029529","232,937","0,005429926752","91,5509","0,007986743811"
mars-13,2013,3,"579,0608169","247,6653414","360,0048042","414,5986903","400,8391903","518,0786153","244,7787054","481,0849731","156,4075518","193,1535356",0,"58,07249263","36,75",125,146,"4,03","0,81","-0,19",0,"1,92","0,07193172","232,773","0,002614508584","232,282","-0,002811919103","92,4132","0,009418804184"
avr.-13,2013,4,"569,5521466","242,6764576","356,1423274","424,0674902","417,9431961","547,3018693","246,4785753","474,8547692","163,9850318","204,2519525",0,"93,14080833","70,78",119,135,"1,55","-2,36","0,45",0,"0,22","-0,0167978","232,531","-0,001039639477","231,797","-0,002087979267","92,0478","-0,0039539806"
mai-13,2013,5,"595,814537","254,6689318","374,0256371","448,2011488","425,5543181","560,975073","262,7161911","503,0856266","164,4323048","200,9489331",0,"38,09209394","22,71",104,109,"2,8","1,73","2,63",0,"-2,02","0,02026749","232,945","0,001780407774","231,893","0,0004141554895","92,529","0,005227718642"
juin-13,2013,6,"585,7323715","248,9052379","372,473766","443,1412841","414,0814807","554,9673059","262,8476982","499,7343365","157,5239164","189,6050683",0,"68,2699011","65,5",115,127,"-1,2","1,33","0,03",0,"0,52","0,01482269","233,504","0,002399708086","232,445","0,002380408206","93,2836","0,008155281047"
juil.-13,2013,7,"602,7258444","251,448867","384,8419107","466,6862501","424,0944507","575,5449757","273,6913441","505,5932818","159,1720682","196,1594806",0,"101,9347457","58,18",94,91,"5,65","1,86","0,57",0,"1,76","0,01060186","233,596","0,0003939975332","232,9","0,001957452301","93,8724","0,006311934788"
août-13,2013,8,"598,6587786","257,1490514","389,6533157","467,5188867","418,2982502","580,2051283","271,0216617","513,5254003","153,2618855","193,4264367",0,"50,58586036","11,78",103,109,"-2,71","0,28","-2,69",0,"0,02","0,01365891","233,877","0,001202931557","233,456","0,002387290683","93,7149","-0,001677809452"
sept.-13,2013,9,"609,9813585","265,243483","398,9745949","475,8593066","415,8422906","588,4945289","271,1110698","520,1506494","150,7536247","189,2933303",0,"106,1156416","95,77",144,180,"3,77","2,91","-1,22",0,"3,06","-0,00739455","234,149","0,001163004485","233,544","0,0003769446919","93,4706","-0,002606842669"
oct.-13,2013,10,"618,8661435","271,1940756","408,6991219","487,9185534","422,5067841","600,3135373","275,2564396","530,238822","153,7935306","193,7463145",0,"100,5703927","98,58",171,225,"4,18","-1,56","1,25",0,"0,08","0,10136701","233,546","-0,00257528326","233,669","0,0005352310485","92,4993","-0,01039150278"
nov.-13,2013,11,"635,555395","278,5895682","429,9411255","508,5742113","441,2735559","624,3017995","282,8455956","551,2214588","157,7687579","196,4869974",0,"43,91390436","39,82",90,90,"3,13","1,29","0,32",0,"0,44","0,03543567","233,069","-0,002042424191","234,1","0,001844489427","93,3737","0,00945304451"
déc.-13,2013,12,"635,3572862","281,6329382","438,1579613","517,3592855","438,4986569","633,5157294","288,7727243","568,9639588","153,6336072","191,607762",0,"99,90745339","68,49",105,115,"2,81","-0,45","-0,02",0,"0,02","0,0259976","233,049","-0,00008581149788","234,719","0,002644169158","93,534","0,001716757502"
janv.-14,2014,1,"632,8154393","285,2257337","443,308402","515,5706092","431,9607281","651,2932037","292,3608879","578,6582596","150,7286541","193,4087981",0,"82,38285245","67,63",94,108,"-3,32","0,9","-2,07",0,"1,71","0,01811459","233,916","0,003720247673","235,288","0,00242417529","94,4648","0,009951461501"
févr.-14,2014,2,"622,1410233","286,5817437","437,4334444","511,8075874","424,0924631","667,1218457","287,4913439","583,5258609","146,7262689","201,4200192",0,"104,5889229","95,92",89,93,"4,65","0,37","-0,31",0,"2,07","0,023187","234,781","0,003697908651","235,547","0,00110077862","94,6456","0,001913940431"
mars-14,2014,3,"637,9821121","297,8361574","447,3617076","522,4314715","436,9974147","681,3732892","298,2544111","595,3035704","149,4561979","205,054186",0,"60,8667026","62,91",93,101,"0,43","-1,85","4,93",0,"-3,29","0,02935595","236,293","0,006440044126","236,028","0,002042055301","94,4408","-0,002163861817"
avr.-14,2014,4,"669,0113324","297,8503688","451,7307053","507,421269","445,8929149","666,161236","295,3160423","590,4757246","155,129166","214,2831458",0,"87,16055423","86,5",91,97,"-0,19","-4,2","1,17",0,"-3,89","-0,00627356","237,072","0,003296754453","236,468","0,001864185605","93,9956","-0,00471406426"
mai-14,2014,5,"687,9976475","303,0881028","458,8553058","509,3467205","454,6152771","675,5890063","295,6764226","601,4191706","158,6839539","214,0536452",0,"88,98038157","162,75",90,102,"2,06","-1,88","-0,13",0,"0,87","-0,03155494","237,900","0,00349260984","236,918","0,001903005904","93,67","-0,003463991932"
juin-14,2014,6,"714,4972736","311,3706596","469,8181127","525,3556591","461,2317272","696,359048","305,4744403","625,9006085","158,5903592","218,3220768",0,"72,20944563","90,9",81,86,"2,61","3,08","-0,7",0,"0,69","0,08927405","238,343","0,001862126944","237,231","0,001321132206","93,8274","0,001680367247"
juil.-14,2014,7,"724,7337709","314,1276804","464,5344092","533,5178742","461,1736608","713,0953651","307,8185329","646,5255234","162,0219227","216,76108",0,"63,40941328","50,27",77,79,"-2,04","-4,29","0,03",0,"-0,12","0,02602125","238,250","-0,0003901939642","237,498","0,001125485286","93,6039","-0,002382033393"
août-14,2014,8,"704,0106017","313,5587234","456,7668978","534,0295102","456,7303187","716,6055867","306,0761654","650,7124702","158,7387409","211,8678343",0,"96,42634615","62,79",71,64,"4,24","0,4","-0,45",0,"0,82","-0,00196242","237,852","-0,001670514166","237,46","-0,0001600013474","94,5808","0,01043653096"
sept.-14,2014,9,"684,7310024","316,240685","463,8744719","539,5082177","465,4853294","743,1074011","314,8944082","663,3434835","160,0077599","215,4256529",0,"78,26364072","60,52",84,86,"-1,97","-3,72","-1,34",0,"0,5","0,02740726","238,031","0,0007525688243","237,477","0,0000715910048","96,1209","0,01628343173"
oct.-14,2014,10,"624,1127312","298,2415758","450,4039271","520,6592443","468,2103937","735,9374181","308,2715199","641,5522656","157,7111114","221,133327",0,"54,67273781","45,52",100,113,"2,52","4,2","-1,81",0,"-0,06","0,04448816","237,433","-0,002512277813","237,43","-0,0001979139032","97,4396","0,01371918074"
nov.-14,2014,11,"629,9771491","309,2556536","484,5804875","548,3278832","494,2163404","786,159103","325,1681255","684,7418594","161,7936696","231,5243002",0,"131,020044","165,87",89,93,"2,55","-2,06","-3,09",0,"0,69","-0,03003668","236,151","-0,005399417941","236,983","-0,001882660152","99,1147","0,01719116253"
déc.-14,2014,12,"579,5897779","304,4763342","484,4811424","562,6389615","500,5846614","803,0764059","331,3087163","693,8662443","153,4481603","236,69909",0,"78,02819956","61,58",85,87,"-0,06","2,49","2,27",0,"1,12","0,05771985","234,812","-0,00567010091","236,252","-0,003084609445","101,4441","0,02350206377"
janv.-15,2015,1,"562,5661762","301,0145907","474,7195362","558,1325617","504,2642253","809,8457899","320,2835548","679,0460398","152,2174924","245,2324088",0,"103,8572101","66,31",117,121,"-3,11","-0,55","-3,58",0,"3,84","0,0214811","233,707","-0,004705892373","234,747","-0,006370316442","103,7607","0,02283622212"
févr.-15,2015,2,"588,50381","318,4481705","488,8162643","588,0794188","508,1162315","819,7841893","325,963851","701,6754283","157,9867385","235,383417",0,"89,55959068","45,86",100,88,"6,13","0,61","-1,86",0,"-2,82","0,00000725","234,722","0,004343044924","235,342","0,00253464368","105,1685","0,01356775735"
mars-15,2015,3,"560,4695612","312,3166298","485,3560891","600,0741594","501,6377576","841,6404575","327,4124824","703,1981122","154,8725001","223,7217879",0,"80,16962581","43,8",105,96,"-1,12","3,04","-0,37",0,"2,74","-0,02195244","236,119","0,005951721611","235,976","0,002693951781","107,3647","0,02088267875"
avr.-15,2015,4,"590,8906193","312,6070257","483,9222487","604,3482714","505,2874614","847,2403532","326,64298","704,4954714","155,9973269","226,456916",0,"104,3895228","28,32",110,104,"0,59","-3,03","1,82",0,"-7,27","0,0060299","236,599","0,002032873255","236,222","0,001042478896","106,3523","-0,009429542485"
mai-15,2015,5,"586,4860285","319,465542","486,0784392","605,7319707","503,5820164","853,3168046","331,8354331","719,2758278","157,5977495","223,7827449",0,"125,8811864","88,89",101,102,"1,36","0,92","-1,14",0,"5,82","0,00436744","237,805","0,005097232025","237,001","0,003297745341","105,4065","-0,008893084588"
juin-15,2015,6,"562,3626235","313,3918245","478,3923655","609,7878981","494,6788658","866,4658981","334,5597331","713,0947319","154,9273423","215,6598654",0,"58,1676658","58,88",109,116,"-1,53","2,9","-0,79",0,"3,01","0,00836987","238,638","0,003502869999","237,657","0,00276792081","106,179","0,007328770047"
juil.-15,2015,7,"529,7905029","295,2417406","466,8351647","622,5512885","508,5409344","877,0980056","336,8105797","706,8210382","152,4236676","218,1515862",0,"52,34319462","31,03",99,99,"1,54","-4,19","-4,13",0,"9,98","0,03181256","238,654","0,0000670471593","238,034","0,00158631978","108,1236","0,01831435595"
août-15,2015,8,"485,9277032","279,1969485","455,7585484","610,8275954","503,136618","854,1687408","329,4664684","689,2844371","149,2386911","223,904137",0,"71,64043044","59,96",130,157,"-6,04","0,33","2,77",0,"-2,09","0,06971784","238,316","-0,001416276283","238,033","-0,000004201080518","109,9768","0,01713964389"
sept.-15,2015,9,"461,307955","261,5138398","437,3809207","593,0509286","482,733038","799,4505248","307,6050873","667,9126247","143,5453031","212,3071907",0,"104,818745","105,46",139,172,"-3,07","-2,63","0,56",0,"5,22","-0,07864807","237,945","-0,001556756575","237,498","-0,002247587519","110,8513","0,007951677081"
oct.-15,2015,10,"496,1660142","275,1902234","459,9070123","620,8905316","508,3579168","796,9845384","316,7027478","706,2972691","145,6452145","224,2007075",0,"82,56443505","135,23",103,111,"7,75","-1,87","-0,46",0,"-3,28","0,1051124","237,838","-0,0004496837504","237,733","0,0009894820167","109,9036","-0,008549290807"
nov.-15,2015,11,"502,3831808","283,9629517","474,7204131","639,2976319","504,7296848","824,4423838","328,6955369","736,730872","146,652723","217,5945417",0,"100,6703263","190,28",92,90,"0,56","3,59","-0,42",0,"2,28","-0,03283831","237,336","-0,002110680379","238,017","0,001194617491","111,6916","0,01626880284"
déc.-15,2015,12,"456,9668244","277,4491336","464,7293764","628,6848411","515,0677797","827,0724195","323,8452915","731,3032652","148,7424382","216,5003386",0,"137,3122441","163,66",99,102,"-2,17","-2,82","-2,61","0,01","3,36","-0,01204624","236,525","-0,003417096437","237,761","-0,001075553427","112,7857","0,009795723224"
janv.-16,2016,1,"416,4219183","246,5391448","432,4223365","583,9452614","505,728818","783,4951646","294,0693981","673,0414736","149,1193923","221,5341624",0,"91,40321325","139,61",119,155,"-5,77","-3,43","2,09","0,01","1,44","-0,0428871","236,916","0,001653102209","237,652","-0,0004584435631","115,2344","0,02171108571"
févr.-16,2016,2,"422,4645687","254,7085897","440,980611","572,4737068","517,1419919","757,8970605","281,090674","663,933023","160,707388","234,8536672",0,"49,12534465","37,72",115,148,"-0,07","0,71","-0,57","0,02","-4,38","0,0309911","237,111","0,0008230765335","237,336","-0,001329675324","114,2817","-0,008267496511"
mars-16,2016,3,"458,7213739","277,6995507","473,2916997","614,0575122","535,9434189","779,3305934","300,6604847","713,1209701","169,1660224","244,0257855",0,"87,95350804","60,36",104,130,"6,96","0,82","1,19","0,02","-5,01","0,00370342","238,132","0,004306000143","238,08","0,003134796238","111,8934","-0,02089835905"
avr.-16,2016,4,"480,6994628","289,4344287","485,1852761","628,1809728","541,6111416","812,0374115","309,2674009","729,5287632","168,1235446","246,1430635",0,"108,1190625","118,23",84,96,"0,91","0,74","3,28","0,01","-6,02","0,09097954","239,261","0,004741067979","238,992","0,003830645161","110,0171","-0,01676863872"
mai-16,2016,5,"492,0179991","291,4922013","481,578562","625,0295404","541,7851909","807,4213223","313,2742478","707,0407764","166,1624016","247,0227368",0,"99,83579694","91,72",82,96,"1,78","-0,18","-1,66","0,01","1,42","-0,05667226","240,229","0,004045790998","239,557","0,002364095869","111,1405","0,0102111399"
juin-16,2016,6,"503,0325768","295,1436232","484,1487564","620,8442257","549,5772114","821,3644542","309,1755284","717,8191956","173,1241988","255,6236591",0,"120,3796358","93,84",163,234,"-0,05","0,6","-1,48","0,02","4,13","-0,02838334","241,018","0,003284366167","240,222","0,002775957288","111,5596","0,003770902596"
juil.-16,2016,7,"510,5301","300,6337794","502,4985462","641,6952738","566,5767349","855,6700003","314,3144175","742,2625554","182,1862249","265,2082905",0,"101,1825344","75,65",122,164,"3,95","2,51","-1,27","0,02","-3,34","0,01035999","240,628","-0,001618136405","240,101","-0,0005037007435","112,4773","0,008226096185"
août-16,2016,8,"507,6646024","305,4146908","506,9036757","645,1805462","559,886796","858,4079967","322,9048322","780,4396087","176,3434357","255,4176284",0,"77,09684887","91,67",92,107,"0,49","1,18","3,13","0,02","-3,49","-0,00653432","240,849","0,0009184301079","240,545","0,001849221786","111,4384","-0,009236530393"
sept.-16,2016,9,"505,8609273","298,9682524","499,8107443","630,7776482","547,3597868","836,0801545","323,1717625","790,9896821","171,4533835","251,8382528","201,9941214","107,3175953","107,86",80,86,"0,25","2,13","-1,23","0,02","0,19","-0,03353433","241,428","0,002403995865","241,176","0,002623209794","112,3169","0,007883279013"
oct.-16,2016,10,"516,9604567","294,1730672","495,7854084","628,9427067","537,4438888","811,3550634","325,0694811","800,379847","162,8475811","243,5385332","191,9664603","104,6382294","87,51",93,108,"-2,02","-4,42","4,12","0,02","0,6","0,08954133","241,729","0,001246748513","241,741","0,002342687498","113,4747","0,01030833294"
nov.-16,2016,11,"519,1303737","302,103278","519,8872395","636,0209936","525,61297","797,6836608","354,4601651","794,1612101","158,6372672","239,1575223","183,4372778","277,9767331","297,41",169,254,"4,86","5,67","8,19","0,01","-4,62","-0,00597616","241,353","-0,001555460867","242,026","0,001178947717","116,1075","0,02320164759"
déc.-16,2016,12,"557,6645307","316,861466","544,0464874","658,8519164","530,0206387","796,3214358","388,2246878","810,6548872","172,1956204","243,1653293","187,7762855","223,5604902","296,74",115,161,"1,81","0,08","3,56","0,03","-0,26","0,04941428","241,432","0,0003273213923","242,637","0,002524522159","117,9048","0,01547962018"
janv.-17,2017,1,"548,3000184","322,3423886","546,4842139","668,2723502","535,729132","812,2076306","388,5471709","835,256424","173,2119141","246,6158413","191,3138949","249,4481416","363,4",135,195,"1,94","-1,14","-2,76","0,04","-0,93","0,06792523","242,839","0,00582772789","243,618","0,004043076695","117,7861","-0,001006744424"
févr.-17,2017,2,"527,7856698","327,782748","557,8882899","682,8669888","553,5037059","841,5683466","399,2772634","871,8963192","168,3109347","251,6941163","193,5286611","247,5635413","181,28",133,178,"3,57","-2,02","-1,68","0,04","-1,65","-0,05395266","243,603","0,003146117386","244,006","0,001592657357","116,1203","-0,01414258559"
mars-17,2017,3,"512,8178053","327,8523192","561,5265183","691,9715827","564,4994011","868,0487604","403,5619213","898,4060885","169,723364","259,8963506","193,2704509","208,660623","247,83",120,155,"0,17","1,14","-3,32","0,03","-1,02","-0,06548579","243,801","0,0008127978719","243,892","-0,0004672016262","115,6554","-0,004003606605"
avr.-17,2017,4,"509,1519737","328,909835","561,5552653","701,1669555","565,6043964","859,0719633","389,4092397","905,3228235","165,0621451","262,253454","197,7826493","162,8100619","202,09",122,158,"1,09","0,72","-2,1","0,05","0,48","0,00875415","244,524","0,002965533365","244,193","0,001234152822","114,7698","-0,007657230013"
mai-17,2017,5,"494,1285859","330,7212364","570,3242153","715,6381741","568,609128","871,9919294","391,0212612","950,428211","157,1263332","263,6003019","195,4656525","188,2838042","170,26",104,130,"1,06","-2,52","-3,78","0,06","1,48","0,08930119","244,733","0,0008547218269","244,004","-0,0007739779601","114,2607","-0,004435835908"
juin-17,2017,6,"479,6700506","338,4456053","582,268902","719,3776022","579,0531151","905,9795579","399,8442949","961,184286","158,0473574","271,1394168","199,5518322","201,6878786","263,1",99,121,"0,78","2,23","1,48","0,06","-0,09","0,02180389","244,955","0,0009071110149","244,163","0,0006516286618","112,7614","-0,01312174702"
juil.-17,2017,7,"480,9517292","344,2337712","587,6344682","719,3052547","565,1727007","923,4280551","413,8409785","973,3075372","152,1709488","265,1471115","198,8296331","150,6200572","186,36",111,141,"1,87","-1,46","-0,24","0,07","1,68","0,01064676","244,786","-0,0006899226389","244,243","0,0003276499715","111,0617","-0,01507342051"
août-17,2017,8,"467,9526562","339,6884365","580,1753049","713,5470103","566,7084922","914,7560106","413,0420511","991,1407814","159,0563956","275,1854399","200,4418084","125,4631782","173,71",109,138,"0,16","-1,67","-2,09","0,09","3,26","0,06379806","245,519","0,002994452297","245,183","0,003848626163","109,9073","-0,01039422231"
sept.-17,2017,9,"488,3987149","351,0438828","592,2219803","713,4560765","563,5806746","947,6664616","414,342492","1009,836646","156,9512336","274,5704329","201,8424305","102,3736787","151,62",97,117,"2,51","4,46","3,12","0,09","-1,32","0,05495846","246,819","0,005294905893","246,435","0,005106389921","108,8559","-0,009566243553"
oct.-17,2017,10,"503,3658255","365,4557654","612,0885753","726,3135856","555,0273511","956,7260656","438,111162","1049,300017","155,6785802","275,1743347","200,8437042","107,9960189","133,2",102,126,"2,25","-1,93","0,21","0,09","4,27","0,02923219","246,663","-0,0006320421037","246,626","0,000775052245","110,8913","0,01869811374"
nov.-17,2017,11,"505,0211145","366,7131204","604,0398788","742,5195748","559,4315335","943,0730605","438,560545","1109,622144","146,3521543","282,4038148","206,3648739","150,3878823","221,65",94,111,"3,12","-0,58","-0,08","0,08","-0,87","0,01744244","246,669","0,00002432468591","247,284","0,002668007428","111,1658","0,002475397078"
déc.-17,2017,12,"518,0816121","373,8944593","630,2532416","779,720259","584,7241704","960,3394887","463,3585533","1107,516754","162,8487375","275,2336888","203,7904939","141,8917263","104,52",111,140,"1,06","-1,32","0,05","0,09","-1,54","0,04430019","246,524","-0,0005878322773","247,805","0,002106889245","110,8786","-0,002583528387"
janv.-18,2018,1,"562,632038","394,493401","666,0540631","834,7951525","593,0034755","1011,513751","484,981001","1169,066806","163,0000034","257,952365","197,6158534","120,6551214","92,65",124,161,"5,57","-3,15","-1,33","0,12","4,05","-0,01139886","247,867","0,005447745453","248,859","0,004253344364","108,36","-0,02271493327"
févr.-18,2018,2,"505,7209007","376,034106","642,4518666","828,3955636","562,1650294","975,1618237","475,9402496","1153,06295","157,4341326","248,9442273","187,9847445","117,812332","52,6",94,115,"-3,65","0,23","-1,07","0,11","3,58","0,02956995","248,991","0,004534689975","249,529","0,002692287601","107,6534","-0,006520856405"
mars-18,2018,3,"495,964877","368,0085815","635,3800906","825,8175433","545,9490286","967,9503907","472,3709109","1184,721288","153,6747404","251,172286","189,8149146","149,7899075","76,87",136,187,"-2,35","4,05","-0,23","0,11","-1,13","0,0852037","249,554","0,002261125904","249,577","0,0001923624108","107,9506","0,002760711691"
avr.-18,2018,4,"525,9233806","362,1816307","622,5399673","813,0785618","532,3098463","948,1468677","457,673827","1147,10563","151,4945204","256,2966979","189,5335051","171,0598216","148,38",108,139,"0,28","1,14","0,54","0,14","0,36","-0,01242623","250,546","0,003975091563","250,227","0,002604406656","107,9461","-0,00004168573403"
mai-18,2018,5,"560,1339741","366,9036537","623,3259945","834,0111246","508,1654464","951,3106401","460,4543476","1207,234229","145,3180668","254,1663017","191,8527256","175,2114079","91,87",125,162,"2,65","5,26","-3,18","0,14","3,89","0,08590304","251,588","0,004158916925","250,792","0,002257949782","111,0494","0,02874860694"
juin-18,2018,6,"556,6952246","370,7507668","622,8979711","875,944541","522,8236253","976,3311779","453,9796932","1248,713853","146,8487327","253,048421","197,4225537","150,5158108","94,04",109,134,"0,48","1,15","-2,33","0,14","-2,35","0,12620168","251,989","0,001593875702","251,018","0,0009011451721","112,847","0,01618739048"
juil.-18,2018,7,"560,759725","367,7413847","621,2459575","888,1116714","539,8117138","1005,456892","455,4927661","1264,150291","148,675522","265,8407316","202,2470478","196,5221071","90,34",133,176,"3,19","-2,23","0,47","0,16","-1,41","-0,02509786","252,006","0,00006746326229","251,214","0,0007808204989","113,0629","0,001913209921"
août-18,2018,8,"548,9719185","369,7612505","640,0532535","903,9880372","553,5672124","1049,92408","467,5956569","1290,396224","154,2073048","270,2281468","206,2774106","143,6970221","123,58",99,115,"3,44","1,13","-3,98","0,16","5,29","0,04349984","252,146","0,0005555423284","251,663","0,00178732077","113,8344","0,006823635339"
sept.-18,2018,9,"549,7026934","371,8079122","658,6005727","928,5722256","558,6206","1079,975976","468,8460293","1306,531387","157,525562","270,3517973","205,0245117","79,47310311","47,82",103,121,"0,06","-2,28","-1,69","0,15","0,04","0,05528119","252,439","0,001162025176","252,182","0,002062281702","114,0818","0,00217333249"
oct.-18,2018,10,"535,1025953","339,8095903","623,9132559","866,4642356","554,5903727","1060,084498","443,7415328","1245,830522","153,1832858","272,5058889","196,4688227","103,7215692","111,89",112,136,"-7,68","-4,77","3,44","0,19","-1,99","-0,03104259","252,885","0,001766763456","252,772","0,002339580144","114,8337","0,006590884786"
nov.-18,2018,11,"492,4547198","339,7840726","598,560168","842,8151247","572,2667208","1056,782201","442,3461315","1183,993569","147,8115038","275,89776","204,1623136","156,1780515","176,67",130,165,"1,69","-0,68","0,28","0,18","-1,37","0,04187696","252,038","-0,003349348518","252,594","-0,00070419192","116,1714","0,01164901941"
déc.-18,2018,12,"446,6528238","319,0343038","555,9361613","796,6275085","542,0511765","1018,550938","401,6556224","1114,328792","141,7035414","277,4460473","200,5264286","154,8508354","103,59",166,227,"-9,57","-2,37","-1,85","0,2","2,11","-0,03946946","251,233","-0,003193962815","252,767","0,0006848935446","116,2147","0,0003727251286"
janv.-19,2019,1,"456,9083977","327,3607707","572,9169664","828,5419234","531,0640586","1017,802664","416,7346852","1119,799424","146,7742011","269,4234182","200,2296246","211,221614","185,25",201,284,"8,4","2,89","-0,46","0,21","-8,68","-0,02999068","251,712","0,001906596665","252,718","-0,0001938544193","114,4439","-0,01523731507"
févr.-19,2019,2,"479,0423973","340,6592888","628,2142894","861,1660158","555,8775064","1056,817165","434,7756249","1212,909661","153,1402415","282,6816258","214,7612516","263,6796844","185,08",107,124,"3,4","2,05","-2,67","0,18","0,86","0,15359483","252,776","0,00422705314","253,322","0,002390015749","114,4141","-0,0002603895883"
mars-19,2019,3,"486,3179381","344,9622494","626,4788107","879,9174355","565,9636601","1055,69202","433,2933604","1268,182125","157,5592215","292,9476308","219,6359776","165,9910569","187,66",140,181,"1,1","-3,03","-4,1","0,19","2,21","-0,00495067","254,202","0,005641358357","254,202","0,003473839619","114,7858","0,003248725463"
avr.-19,2019,4,"496,9667586","359,5499886","650,1036992","937,2725424","580,8025425","1036,278837","448,8564196","1352,920862","165,0141512","293,0974834","223,1643633","94,5296649","83,42",99,110,"3,97","-1,74","2,14","0,21","-2,97","0,05555742","255,548","0,005295001613","255,211","0,00396928427","114,9059","0,001046296667"
mai-19,2019,5,"463,8336894","341,0102156","632,191767","917,3262017","586,3855381","1025,490343","448,4666726","1317,423676","163,5092782","295,2289142","223,9806752","116,1994316","140,1",123,161,"-6,94","-1,31","-2,35","0,21","7,56","-0,021579","256,092","0,002128758589","255,29","0,0003095477859","115,9605","0,009177944736"
juin-19,2019,6,"455,2783629","359,2399619","637,4463783","927,1941834","597,9427383","1057,541789","449,6973345","1340,200557","160,9079413","303,5880706","230,9073402","173,196342","137,02",150,208,"6,93","0,27","-0,72","0,18","-2,3","-0,06524375","256,143","0,0001991471815","255,159","-0,000513141917","115,4313","-0,004563622958"
juil.-19,2019,7,"466,9120751","367,3655601","654,9748867","972,1809132","614,4276215","1071,450333","467,6924537","1420,425218","168,7228679","306,3751676","231,7066795","131,1424573","95,56",150,208,"1,19","-1,93","0,47","0,19","2,89","0,07379657","256,571","0,001670941622","255,685","0,002061459717","115,082","-0,00302604233"
août-19,2019,8,"426,33502","353,6963498","627,4551187","927,5082931","612,7108549","1044,253271","442,7090033","1374,339341","164,8604835","309,6258407","237,7190449","188,6663965","140,97",190,283,"-2,58","-2,37","-4,77","0,16","6,92","0,02107933","256,558","-0,00005066823608","256,059","0,001462737353","117,1052","0,01758050781"
sept.-19,2019,9,"443,772052","361,967917","654,5797046","955,1367075","624,0384366","1050,269625","463,2731926","1414,514852","169,728327","321,8287652","243,1088188","346,612379","629,02",134,187,"1,43","-0,97","6,74","0,18","-6,81","-0,0254588","256,759","0,0007834485769","256,511","0,001765218172","117,3288","0,001909394288"
oct.-19,2019,10,"426,69752","358,2518547","648,1242601","946,1142915","624,4596466","1053,944865","463,7486293","1426,581581","168,8351326","324,8240513","243,962043","199,8493538","164,76",118,160,"2,06","0,29","-1,92","0,16","0,15","0,00164745","257,346","0,002286190552","257,244","0,002857577258","116,7511","-0,004923769782"
nov.-19,2019,11,"439,7681246","375,2202289","687,5031463","952,9006757","628,2708128","1116,57067","493,2202842","1518,05134","176,0819281","317,444206","237,0602394","170,0483914","157,05",132,170,"3,87","0,79",-2,"0,12","-2,66","0,0401783","257,208","-0,0005362430347","257,803","0,002173034162","116,5637","-0,001605124063"
déc.-19,2019,12,"444,4828286","378,3311946","683,4807727","966,9297273","642,430424","1170,465518","505,4161225","1566,342925","180,0691875","322,2997918","236,0813697","242,8845589","264,05",143,191,"2,77","0,73","1,77","0,14","-1,77","0,02275035","256,974","-0,0009097695251","258,616","0,00315357075","115,9139","-0,005574634299"
janv.-20,2020,1,"442,1488135","375,3356107","701,0218629","994,5307501","649,4242857","1195,545267","508,603737","1676,451514","187,1549724","336,4635259","243,2860433","209,3470847","268,8",131,165,"-0,11","-3,11","-6,23","0,13","5,98","-0,01540172","257,971","0,003879769938","259,037","0,001627896186","115,2819","-0,005452322802"
févr.-20,2020,2,"395,9654531","370,6364081","691,0886202","1010,68648","650,5326504","1180,34823","500,585529","1721,111641","186,1563456","347,681254","250,4173927","205,0062418","215,66",161,216,"-8,13","1,07","-3,79","0,12","-0,4","0,0267251","258,678","0,002740618131","259,248","0,0008145554496","116,7138","0,01242085705"
mars-20,2020,3,"246,864474","292,6003158","523,0178358","815,031219","575,3014485","1025,902997","368,2965009","1426,480919","154,1525258","291,3739783","204,2323592","276,603415","316,62",283,426,"-13,39","-4,86","-13,95","0,13","7,97","-0,16294422","258,115","-0,002176451032","258,124","-0,004335616861","121,0245","0,03693393583"
avr.-20,2020,4,"255,0674316","306,7612643","517,3534737","876,6188732","596,2373593","1117,072535","361,5616027","1510,665436","159,4638675","292,6454355","204,5912883","245,285638","390,78",269,401,"13,65","2,47","-1,26",0,"-5,23","-0,02274615","256,389","-0,006686941867","256,092","-0,007872185461","123,2835","0,01866564208"
mai-20,2020,5,"285,6712124","328,9680428","531,8358737","956,7962353","591,0989813","1162,012451","365,592641","1657,349874","174,4373975","285,4650163","202,553171","221,9758722","177,38",350,504,"5,58","2,47","-4,89","0,01","0,43","-0,069281","256,394","0,00001950161668","255,868","-0,0008746856598","122,6187","-0,005392449111"
juin-20,2020,6,"303,7105163","355,3458294","590,1142925","1039,339356","605,1041341","1167,525178","401,2490893","1785,537562","182,7050516","297,9963171","220,4085824","138,3028987","174,99",231,300,"2,46","2,7","-2,17","0,01","-0,73","0,0216865","257,797","0,005472046928","256,986","0,004369440493","119,6809","-0,0239588252"
juil.-20,2020,7,"279,0708772","376,1602252","596,5394876","1116,907658","626,1994812","1212,707238","394,7750935","1884,873778","189,4604046","299,8339189","218,7480791","133,1777329","224,2",306,428,"5,77","-2,32","-1,37","0,01","7,61","0,07211224","259,101","0,005058243502","258,278","0,005027511226","118,6956","-0,008232725523"
août-20,2020,8,"278,1570644","391,9764309","644,8760546","1200,873463","657,6075953","1243,67531","411,0541806","2045,823105","199,7748603","304,1494523","223,3661639","202,7847937","204,27",224,263,"7,63","-0,22","-2,96","0,01","0,55","-0,01576458","259,918","0,003153210524","259,411","0,004386746064","116,9526","-0,01468462184"
sept.-20,2020,9,"244,9162934","404,0232574","654,3541027","1203,890765","658,9094876","1220,980475","405,6424648","2033,585259","198,4272792","298,5912255","221,0305458","184,3543472","217,45",218,253,"-3,63","0,04","-2,68","0,01","3,12","-0,11690786","260,280","0,001392746943","260,029","0,002382319948","116,3489","-0,005161920299"
oct.-20,2020,10,"226,1180533","407,6685942","669,7920587","1238,526503","666,9772295","1236,778378","409,9401239","2075,27626","198,888614","320,9309939","222,032642","272,16406","340,73",249,306,"-2,1","4,37","4,22","0,01","-3,05","0,02902189","260,388","0,0004149377593","260,286","0,0009883512993","115,7839","-0,004856083727"
nov.-20,2020,11,"258,0840526","434,795091","719,3330973","1245,63925","679,6018503","1274,196229","445,5178209","2110,651799","211,1149119","327,5406388","226,7779103","234,7634116","354,7",247,328,"12,47","5,81","2,13","0,01","-12,43","0,06773488","260,229","-0,0006106272178","260,813","0,002024695911","114,0998","-0,01454520015"
déc.-20,2020,12,"292,9066591","447,9889807","745,5808105","1280,608446","690,523366","1302,63618","476,8586575","2235,538571","220,2404719","314,9874548","225,7620543","299,8446191","378,94",246,327,"4,63","4,89","-1,5","0,01","-2,32","0,01400043","260,474","0,000941478467","262,035","0,004685349273","111,9016","-0,0192655903"
janv.-21,2021,1,"314,5753051","469,8890709","747,2025185","1337,628689","678,4798825","1358,988207","504,5795448","2292,841066","220,1304203","317,3385052","225,1251371","180,8233972","261,52",208,261,"-0,03","7,34","2,97","0,01","4,5","0,05563753","261,582","0,004253783487","262,65","0,002347014712","111,4914","-0,003665720597"
févr.-21,2021,2,"337,8652273","464,1657","758,8304398","1355,593626","669,7318229","1342,856052","524,8012072","2371,617495","234,475769","314,1993862","236,8378114","207,0713994","257,23",152,188,"2,78","2,06","7,17",0,"-7,89","-0,04967182","263,014","0,005474382794","263,638","0,003761660004","112,0248","0,00478422551"
mars-21,2021,3,"380,6253416","485,4560147","807,4911746","1313,763627","676,9860182","1333,87319","563,5900671","2297,818147","238,3922825","313,0626624","239,5442087","145,2818833","181,23",140,167,"3,08","-2,37","7,39",0,"-6,14","-0,01127711","264,877","0,007083273134","264,914","0,004839969959","113,349","0,01182059687"
avr.-21,2021,4,"366,7683704","512,1859738","851,5107651","1414,645958","710,4982173","1399,979151","585,5383181","2476,891309","251,0397338","334,9865083","258,5658299","103,877858","121,45",125,141,"4,93","-3,2","-0,95",0,"1,16","-0,02646881","267,054","0,008218909154","266,67","0,006628566252","112,6409","-0,00624707761"
mai-21,2021,5,"393,6130458","545,3532028","876,1564187","1376,420667","724,798171","1436,419825","621,0020388","2394,813886","253,2293284","332,8361304","264,0103532","167,901495","126,32",147,172,"0,29","-0,25","7,09",0,"0,88","-0,00990124","269,195","0,008017105155","268,444","0,006652416845","111,2263","-0,01255849341"
juin-21,2021,6,"411,3365886","529,4795506","869,3579249","1393,545317","721,2190355","1444,665456","616,1681773","2501,254628","260,9568785","328,4199986","280,0504004","176,7582079","145,76",134,149,"2,75","1,7","-7,83",0,"2,2","0,00300422","271,696","0,009290662902","270,559","0,00787873821","111,5885","0,003256424065"
juil.-21,2021,7,"382,9556768","515,6370585","869,4677298","1460,167919","729,429865","1507,97084","605,3975233","2662,972211","270,1408583","331,5006999","286,8624484","244,3479261","113,71",153,182,"1,27","-3,99","-1,78",0,"-2,25","0,04006143","273,003","0,004810523526","271,764","0,004453742067","113,069","0,0132674962"
août-21,2021,8,"365,1229481","531,8521746","878,0950379","1439,465169","744,1925792","1564,843417","631,1572079","2726,826274","277,5296906","345,9597731","291,6751068","95,08021794","143,07",134,157,"2,91","-0,43","-0,15",0,"2,51","0,0321433","273,567","0,002065911364","272,87","0,00406970754","113,4092","0,003008782248"
sept.-21,2021,9,"372,6077334","516,8818554","855,2402543","1461,766973","739,1104996","1544,418452","627,3208466","2735,159709","279,9828689","339,3758766","292,6459388","326,1647915","197,78",142,171,"-4,37","0,72","5,09",0,"1,49","-0,00648152","274,310","0,002715970859","274,028","0,004243779089","113,4482","0,0003438874448"
oct.-21,2021,10,"431,0018268","522,4165087","863,9722986","1497,40904","731,390902","1500,334539","654,7544824","2726,418777","271,5631793","334,1574596","289,2732721","259,7489046","190,33",122,137,"6,65","-2,34","-0,49",0,"3,19","-0,00803977","276,589","0,008308118552","276,522","0,009101259725","114,074","0,005516173901"
nov.-21,2021,11,"432,3710548","552,0532177","892,2463492","1633,888295","753,2801065","1550,596099","660,7302675","2935,262686","273,9013165","339,7688987","301,3699681","411,2888056","383,52",151,176,"-1,55","-1,32","-0,45",0,"0,9","0,03095946","277,948","0,004913427504","278,711","0,0079161875","115,0016","0,008131563722"
déc.-21,2021,12,"420,0116269","550,7983049","876,5545166","1591,777585","775,2442959","1587,539375","644,1537895","3006,65935","265,4559365","351,9590802","310,7345209","266,2633128","195,49",166,201,"3,1","-1,65","3,26","0,01","-2,6","0,0707606","278,802","0,003072517161","280,887","0,007807370359","115,8134","0,007059032222"